{
  "$schema": "https://schema.management.azure.com/schemas/2019-04-01/deploymentTemplate.json#",
  "contentVersion": "1.0.0.0",
  "resources": [
    {
      "type": "Microsoft.Web/serverfarms",
      "apiVersion": "2022-03-01",
      "name": "[parameters('appServicePlanName')]",
      "location": "[parameters('location')]",
      "sku": { "name": "B1", "tier": "Basic", "size": "B1" },
      "properties": {}
    },
    {
      "type": "Microsoft.Web/sites",
      "apiVersion": "2022-03-01",
      "name": "[parameters('appName')]",
      "location": "[parameters('location')]",
      "dependsOn": ["[parameters('appServicePlanName')]"],
      "properties": {
        "serverFarmId": "[resourceId('Microsoft.Web/serverfarms', parameters('appServicePlanName'))]",
        "siteConfig": { "linuxFxVersion": "PYTHON|3.9", "alwaysOn": true },
        "httpsOnly": true
      }
    }
  ],
  "parameters": {
    "location": { "type": "string", "defaultValue": "East US" },
    "appName": { "type": "string" },
    "appServicePlanName": { "type": "string", "defaultValue": "label-api-plan" }
  }
}
